source_id,ll,bb,X_8.125,Y_8.125,X_8.50,Y_8.50,Vlsr
2428589330539122304,  87.07, -70.04,   0.20,   8.11,   0.20,   8.49, -45.46
431678852171577216, 118.34,   1.46,   2.36,   9.40,   2.36,   9.77, -48.14
429999760479435520, 118.15,   0.19,   3.53,  10.01,   3.53,  10.39, -65.61
428817510598195584, 118.93,  -1.71,   2.47,   9.49,   2.47,   9.86, -45.48
430464235421496320, 119.32,  -0.78,   0.98,   8.67,   0.98,   9.05, -25.87
428379733171150336, 119.18,  -2.70,   2.09,   9.29,   2.09,   9.67, -50.68
430988771185051136, 120.39,   0.70,   2.48,   9.58,   2.48,   9.96, -50.96
430822195172188416, 121.16,   0.31,   2.35,   9.55,   2.35,   9.92, -40.20
430834667758290432, 121.47,   0.40,   2.26,   9.51,   2.26,   9.89, -41.98
427687173982602496, 121.61,  -0.51,   2.38,   9.59,   2.38,   9.96, -58.40
527063203864315776, 121.74,   1.45,   2.48,   9.66,   2.48,  10.04, -55.34
427723599604450432, 122.05,  -0.58,   2.78,   9.86,   2.78,  10.24, -47.93
524444235887123072, 122.69,   2.07,   2.58,   9.78,   2.58,  10.16, -22.62
524417469650213888, 122.73,   1.91,   1.89,   9.34,   1.89,   9.71, -38.63
523671588453985664, 122.82,   0.18,   2.53,   9.76,   2.53,  10.13, -62.56
427499264872921472, 122.91,  -1.07,   0.82,   8.65,   0.82,   9.03, -18.29
523685985183548672, 123.68,  -0.04,   2.54,   9.82,   2.54,  10.20, -41.85
426066532504937216, 123.79,  -3.29,   2.57,   9.85,   2.57,  10.22, -71.79
426615498045502464, 124.33,  -1.87,   2.11,   9.56,   2.11,   9.94, -41.67
522857297010694016, 124.53,  -0.34,   2.01,   9.51,   2.01,   9.88, -47.49
522854754390154880, 124.55,  -0.47,   2.24,   9.67,   2.24,  10.04, -52.75
413588346840518912, 124.96,  -5.25,   1.68,   9.30,   1.68,   9.67, -26.94
523311532752195328, 124.77,   0.61,   2.42,   9.81,   2.42,  10.18, -43.06
523314350250639744, 124.81,   0.78,   2.25,   9.69,   2.25,  10.07, -49.31
525059275199757824, 124.80,   2.31,   1.70,   9.30,   1.70,   9.68, -42.04
523056686572432768, 125.11,  -0.28,   1.95,   9.50,   1.95,   9.87, -37.56
534889699426804224, 124.89,   8.97,   0.61,   8.55,   0.61,   8.92, -17.51
523177942087543936, 125.75,   0.74,   2.59,   9.99,   2.59,  10.36, -40.95
510371517846253184, 126.13,  -2.33,   2.57,  10.00,   2.57,  10.38, -71.81
413876521969066496, 126.67,  -4.36,   2.30,   9.84,   2.30,  10.22, -28.77
510501741253205120, 126.72,  -1.46,   2.10,   9.69,   2.10,  10.07, -35.73
510939209439852544, 126.63,  -0.65,   2.06,   9.65,   2.06,  10.03, -51.43
510294822605527680, 127.03,  -1.73,   1.77,   9.46,   1.77,   9.83, -47.10
512625619760021248, 126.77,   0.88,   2.73,  10.17,   2.73,  10.54, -59.03
512570987775524224, 126.94,   0.28,   1.58,   9.31,   1.58,   9.69, -36.78
510809638869881088, 127.40,  -0.78,   2.18,   9.80,   2.18,  10.17, -48.71
512307311144571008, 127.62,  -0.17,   2.11,   9.75,   2.11,  10.13, -40.76
409200230286490880, 128.99,  -7.43,   0.91,   8.86,   0.91,   9.24, -29.22
509862169090128000, 128.07,  -1.81,   2.09,   9.76,   2.09,  10.14, -42.72
509997443377605120, 127.93,  -0.90,   2.12,   9.78,   2.12,  10.15, -43.35
513277320916092672, 127.39,   2.69,   1.31,   9.13,   1.31,   9.50, -30.68
512346653046032000, 127.88,   0.32,   2.09,   9.75,   2.09,  10.12, -38.36
511676840000117120, 128.21,   0.40,   2.11,   9.79,   2.11,  10.16, -33.53
509922332986765696, 128.55,  -1.32,   1.94,   9.67,   1.94,  10.05, -42.20
509928345942944640, 128.79,  -1.42,   2.13,   9.84,   2.13,  10.21, -47.52
511449004878863616, 128.97,  -0.85,   2.37,  10.04,   2.37,  10.41, -42.14
409731912881997056, 130.04,  -5.64,   1.32,   9.23,   1.32,   9.61, -34.13
405336164170476672, 131.70, -13.47,   1.34,   9.32,   1.34,   9.69, -76.93
511285796125754368, 129.21,  -0.59,   2.02,   9.77,   2.02,  10.15, -32.84
511190963244486144, 129.45,  -1.14,   2.17,   9.91,   2.17,  10.29, -48.09
511189863732885248, 129.51,  -1.18,   1.95,   9.74,   1.95,  10.11, -35.96
509656182453678464, 129.75,  -1.76,   1.88,   9.69,   1.88,  10.07, -44.92
518229693090250368, 129.24,   2.72,   0.75,   8.74,   0.75,   9.11, -20.84
508299728699489408, 130.09,  -0.68,   1.60,   9.47,   1.60,   9.85, -26.42
508283820140890496, 130.42,  -0.85,   2.20,  10.00,   2.20,  10.38, -42.79
508712629677112704, 130.48,   0.16,   2.61,  10.35,   2.61,  10.72, -44.48
508217918160561920, 130.81,  -1.05,   2.00,   9.85,   2.00,  10.22, -57.72
507801821730480000, 131.41,  -2.49,   1.50,   9.45,   1.50,   9.82, -48.23
508241317143609600, 131.02,  -0.81,   1.62,   9.54,   1.62,   9.91, -38.56
507995610656165248, 131.30,  -1.51,   1.61,   9.54,   1.61,   9.91, -39.66
507785054178237824, 131.61,  -2.55,   1.69,   9.62,   1.69,  10.00, -54.63
517962610540999552, 130.47,   2.30,   2.28,  10.07,   2.28,  10.45, -37.45
508770250956210304, 131.19,   0.47,   1.81,   9.71,   1.81,  10.08, -43.44
456507783227720576, 133.10,  -6.22,   1.65,   9.67,   1.65,  10.05, -24.44
506975882341073152, 132.63,  -2.65,   1.72,   9.70,   1.72,  10.08, -36.14
457052518218003712, 133.68,  -4.66,   1.50,   9.55,   1.50,   9.93, -43.09
458754807039765632, 133.82,  -2.95,   1.84,   9.89,   1.84,  10.27, -44.75
514706067560082176, 132.28,   1.91,   0.80,   8.85,   0.80,   9.22,  -4.41
458789338577616640, 133.94,  -2.50,   1.55,   9.62,   1.55,  10.00, -54.56
458569917288566528, 134.52,  -3.47,   1.61,   9.71,   1.61,  10.09, -35.35
459182585782778112, 134.07,  -2.00,   1.58,   9.65,   1.58,  10.03, -43.47
507264779020035712, 133.95,  -1.28,   1.95,  10.00,   1.95,  10.38, -38.61
458357741598022528, 134.87,  -3.80,   1.50,   9.62,   1.50,   9.99, -46.19
458456976830410880, 134.88,  -3.62,   1.79,   9.91,   1.79,  10.28, -46.70
458512570887734528, 134.73,  -2.93,   1.79,   9.90,   1.79,  10.27, -46.37
458284937619681664, 135.21,  -4.09,   1.55,   9.69,   1.55,  10.06, -45.60
458407464445792384, 135.07,  -3.60,   1.71,   9.83,   1.71,  10.21, -46.60
458413443039836928, 135.14,  -3.48,   1.42,   9.55,   1.42,   9.93, -45.09
458414989228047744, 135.17,  -3.46,   1.53,   9.67,   1.53,  10.04, -46.13
513519179112924288, 133.73,   0.49,   1.27,   9.34,   1.27,   9.72, -53.48
458443713970311552, 135.33,  -3.16,   1.46,   9.61,   1.46,   9.98, -44.82
465401835863237504, 134.42,  -0.03,   1.19,   9.29,   1.19,   9.66, -54.89
465288483084534272, 134.95,  -0.57,   1.26,   9.38,   1.26,   9.76, -32.91
457842074948669056, 137.12,  -2.85,   1.49,   9.72,   1.49,  10.10, -44.18
464371421669045248, 136.26,  -0.44,   1.75,   9.96,   1.75,  10.33, -47.63
463914093552771968, 137.52,  -1.52,   1.51,   9.78,   1.51,  10.15, -42.13
464753673758329600, 137.05,   0.61,   1.36,   9.59,   1.36,   9.96, -41.86
460991900883348608, 138.02,  -1.37,   1.52,   9.81,   1.52,  10.19, -38.64
464888329572408192, 136.78,   1.39,   1.45,   9.67,   1.45,  10.05, -50.94
467276193951593216, 136.21,   2.65,   3.37,  11.64,   3.37,  12.01, -47.58
460621159304139008, 138.65,  -2.20,   1.15,   9.44,   1.15,   9.81, -42.21
460940155116634752, 138.32,  -1.40,   1.28,   9.56,   1.28,   9.93, -39.27
464603006306985472, 137.76,   0.98,   1.64,   9.94,   1.64,  10.31, -45.17
467907038749282560, 135.96,   4.67,   0.46,   8.60,   0.46,   8.98, -21.02
460695238900768512, 139.15,  -1.31,   1.47,   9.82,   1.47,  10.20, -42.42
461594055299601920, 138.45,   1.05,   1.83,  10.19,   1.83,  10.57, -33.83
463077262122163456, 138.96,   1.93,   1.41,   9.74,   1.41,  10.12, -77.33
460386104333923968, 140.28,  -0.09,   1.63,  10.09,   1.63,  10.46, -39.36
467162016539173248, 137.47,   5.26,   2.59,  10.95,   2.59,  11.32, -29.69
447618815830701824, 142.50,  -2.43,   1.33,   9.85,   1.33,  10.23, -37.50
447573632774046080, 142.67,  -2.38,   1.27,   9.80,   1.27,  10.17, -34.95
491055881678884224, 138.46,   6.44,   0.40,   8.58,   0.40,   8.95, -25.87
445636636882421120, 145.60,   0.90,   2.36,  11.57,   2.36,  11.95, -46.14
443857867587085824, 147.57,  -1.19,   0.82,   9.41,   0.82,   9.78, -22.81
443775988331111936, 147.81,  -1.49,   1.14,   9.94,   1.14,  10.31, -50.98
468421644549285632, 148.23,   1.97,   2.30,  11.83,   2.30,  12.21, -35.50
276366100233218944, 148.44,   2.34,   0.82,   9.45,   0.82,   9.83, -10.51
180418107089011200, 174.26,  -3.49,   0.17,   9.80,   0.17,  10.17,  -7.20
3446186861010545536, 177.01,  -2.86,   0.09,   9.85,   0.09,  10.22, -14.87
3404384322275638016,-175.97,  -4.17,  -0.09,   9.37,  -0.09,   9.75,  -2.71
3447781290310332672, 176.90,   0.67,   0.06,   9.21,   0.06,   9.59,  -4.62
3426243060113460992,-173.91,   1.36,  -0.51,  12.86,  -0.51,  13.24,  11.63
3425216631648846208,-172.09,   2.26,  -0.25,   9.91,  -0.25,  10.28,   7.72
3425055656275589632,-171.78,   2.19,  -0.25,   9.86,  -0.25,  10.24,  14.70
3323951095335630976,-155.69,  -4.15,  -0.52,   9.27,  -0.52,   9.65,  -1.75
3324706116226617856,-156.55,  -1.11,  -0.57,   9.44,  -0.57,   9.81,  -0.99
3106627090189404160,-146.37,  -3.20,  -1.92,  11.00,  -1.92,  11.38,  53.11
3105321106594794240,-144.27,  -3.88,  -2.96,  12.24,  -2.96,  12.61,  56.28
3107244981366959744,-146.83,  -2.31,  -2.48,  11.91,  -2.48,  12.29,  48.71
3113333385263612160,-146.81,   0.26,  -1.83,  10.92,  -1.83,  11.30,  35.41
3126203482405635072,-148.51,   1.30,  -1.80,  11.06,  -1.80,  11.43,  46.41
3100806309996492416,-140.74,  -2.22,  -1.10,   9.48,  -1.10,   9.85,  20.21
3360882763199831424,-160.52,   9.16,  -0.45,   9.39,  -0.45,   9.77,   6.81
3049639643040007040,-137.28,  -2.14,  -2.00,  10.29,  -2.00,  10.66,  64.14
3101848784453850240,-142.51,   0.66,  -0.64,   8.95,  -0.64,   9.33,   2.89
3101555180496270976,-141.52,   0.68,  -1.25,   9.70,  -1.25,  10.07,  39.68
3045748059075109248,-134.62,  -1.98,  -1.52,   9.62,  -1.52,  10.00,  37.10
2936258210145098240,-131.67,  -2.92,  -1.79,   9.72,  -1.79,  10.10,  40.05
3048246218213875072,-136.25,   0.78,  -1.41,   9.59,  -1.41,   9.97,  28.14
3045223179710656000,-133.72,  -0.27,  -1.72,   9.77,  -1.72,  10.15,  47.44
3048658088396563712,-136.35,   1.43,  -1.56,   9.76,  -1.56,  10.14,  46.22
5618016960638976896,-123.50,  -5.21,  -0.69,   8.58,  -0.69,   8.96,  12.53
3032845015246436864,-132.14,  -0.02,  -2.33,  10.23,  -2.33,  10.61,  58.14
3031139363475712640,-129.77,  -1.11,  -1.99,   9.78,  -1.99,  10.15,  43.46
2930506218147100672,-126.48,  -1.98,  -2.33,   9.85,  -2.33,  10.23,  54.40
5620282985381340032,-124.60,  -2.23,  -1.39,   9.09,  -1.39,   9.46,  38.58
3026750349273447296,-126.69,  -0.29,  -2.49,   9.98,  -2.49,  10.36,  55.96
5613305278433715584,-119.63,  -4.02,  -5.17,  11.06,  -5.17,  11.44,  78.54
3026488184465794176,-126.04,   0.10,  -2.11,   9.66,  -2.11,  10.04,  37.11
5618711370943286912,-122.39,  -1.83,  -2.19,   9.51,  -2.19,   9.89,  44.07
5619968662491585792,-123.45,  -1.25,  -2.10,   9.51,  -2.10,   9.89,  34.46
5618935121564413184,-122.46,  -0.96,  -2.07,   9.44,  -2.07,   9.82,  27.98
5618883203998859904,-121.97,  -1.22,  -1.97,   9.36,  -1.97,   9.73,  32.35
5716644528030508416,-125.19,   0.74,  -2.66,  10.00,  -2.66,  10.38,  50.14
3027253925596894464,-127.12,   2.33,  -2.51,  10.03,  -2.51,  10.40,  63.36
5716392155754544640,-124.40,   1.14,  -1.90,   9.43,  -1.90,   9.80,  39.63
5716828180836043520,-124.65,   1.60,  -2.49,   9.84,  -2.49,  10.22,  48.42
5598107382037505792,-113.54,  -4.41,  -3.12,   9.48,  -3.12,   9.86,  53.24
5715627033102239360,-124.00,   1.53,  -3.48,  10.47,  -3.48,  10.85,  64.96
3028867978609417344,-126.99,   4.29,  -4.18,  11.28,  -4.18,  11.65,  74.72
5595094891972788480,-112.60,  -3.96,  -3.00,   9.37,  -3.00,   9.75,  45.78
5594921856328624384,-112.07,  -4.17,  -2.95,   9.32,  -2.95,   9.69,  38.50
5594926701051675648,-112.02,  -4.10,  -2.80,   9.26,  -2.80,   9.63,  36.99
5718988927344562944,-126.41,   4.71,  -2.50,   9.97,  -2.50,  10.34,  34.90
5598579347402547072,-113.51,  -2.66,  -2.99,   9.43,  -2.99,   9.80,  49.96
5600634678234009216,-115.61,  -1.15,  -3.61,   9.85,  -3.61,  10.23,  42.84
5601551533492117632,-116.42,  -0.54,  -2.97,   9.60,  -2.97,   9.98,  50.61
5595705430166381184,-113.46,  -1.81,  -3.68,   9.72,  -3.68,  10.10,  35.44
5601939592378579968,-116.50,   0.02,  -2.68,   9.46,  -2.68,   9.84,  37.94
5595693335538470272,-113.40,  -1.80,  -2.71,   9.30,  -2.71,   9.67,  35.10
5600763870852650496,-115.66,  -0.17,  -3.23,   9.68,  -3.23,  10.05,  62.88
5713962677429182720,-121.33,   4.55,  -2.09,   9.40,  -2.09,   9.77,  57.33
5594511704137013632,-111.21,  -1.28,  -2.41,   9.06,  -2.41,   9.44,  33.23
5594255964604279936,-110.42,  -1.42,  -4.11,   9.66,  -4.11,  10.03,  36.56
5596111527914257408,-111.75,  -0.55,  -2.53,   9.14,  -2.53,   9.51,  30.50
5597037041829205504,-112.53,   0.59,  -3.05,   9.39,  -3.05,   9.77,  43.20
5545762725814283392,-108.12,  -1.46,  -2.63,   8.99,  -2.63,   9.36,  35.02
5541297368577388160,-104.59,  -0.75,  -3.03,   8.91,  -3.03,   9.29,  34.46
5542313111163231744,-103.79,   1.50,  -1.46,   8.48,  -1.46,   8.86,  10.80
5323140101109547904, -93.48,  -5.48,  -1.50,   8.22,  -1.50,   8.59,  -0.21
5523613785621925632, -98.51,  -1.37,  -5.94,   9.01,  -5.94,   9.39,  59.15
5329282630207994496, -94.01,  -3.89,  -2.61,   8.31,  -2.61,   8.68,  15.90
5525126193923637888, -98.42,  -0.04,  -2.84,   8.55,  -2.84,   8.92,  32.41
5522020009165982080, -95.12,  -2.09,  -2.11,   8.31,  -2.11,   8.69,  17.92
5328853575842219776, -92.92,  -1.62,  -1.66,   8.21,  -1.66,   8.58,  11.05
5326960045018068864, -90.85,  -0.67,  -1.66,   8.15,  -1.66,   8.52,   9.15
5327209294859023744, -90.25,   0.57,  -1.52,   8.13,  -1.52,   8.51,   9.28
5423960064637139200, -92.42,   3.35,  -0.68,   8.15,  -0.68,   8.53, -16.04
5313856963097538944, -86.82,   0.94,  -2.11,   8.01,  -2.11,   8.38,   5.69
5313856172823539968, -86.77,   0.90,  -2.31,   7.99,  -2.31,   8.37,   7.82
5308162042640067072, -80.80,  -0.58,  -2.26,   7.76,  -2.26,   8.13,  -1.39
5255870712734219648, -75.42,  -5.45,  -1.13,   7.83,  -1.13,   8.21, -15.82
5258592278883358720, -76.66,  -1.60,  -2.47,   7.54,  -2.47,   7.91, -19.84
5354891596047011584, -77.02,   0.43,  -2.64,   7.52,  -2.64,   7.89,  12.21
5255552713357709440, -75.84,  -1.20,  -2.36,   7.53,  -2.36,   7.91,  -9.85
5254903760987765248, -74.67,  -2.85,  -2.33,   7.48,  -2.33,   7.86,  -0.89
5351784032591367936, -76.07,   0.12,  -2.76,   7.44,  -2.76,   7.82, -20.68
5254827443673628288, -74.39,  -2.36,  -1.97,   7.58,  -1.97,   7.95, -12.57
5355604835516835712, -77.52,   3.11,  -2.69,   7.53,  -2.69,   7.90, -15.79
5255355213584031872, -74.62,  -1.17,  -4.19,   6.97,  -4.19,   7.35,  -6.26
5355524090127708928, -76.93,   2.73,  -6.51,   6.61,  -6.51,   6.99,  27.29
5351502695063499392, -74.99,  -0.12,  -2.52,   7.45,  -2.52,   7.82, -14.16
5351447204084589184, -74.15,   0.05,  -2.24,   7.49,  -2.24,   7.86, -22.15
5254457668508588672, -73.24,  -1.50,  -2.53,   7.36,  -2.53,   7.74,  -4.19
5351553306947615616, -74.29,   0.42,  -1.72,   7.64,  -1.72,   8.02, -22.42
5254548893611640704, -73.43,  -0.90,  -4.59,   6.76,  -4.59,   7.13,   6.65
5352006438862476288, -74.58,   1.45,  -2.81,   7.35,  -2.81,   7.73, -18.35
5351122057882916352, -73.24,   0.76,  -2.30,   7.43,  -2.30,   7.81, -18.49
5350389095946525568, -72.56,  -0.41,  -2.04,   7.49,  -2.04,   7.86, -29.04
5350302097082780416, -72.30,  -0.86,  -2.27,   7.40,  -2.27,   7.78,  -0.86
5351318183273276928, -73.78,   2.12,  -2.01,   7.54,  -2.01,   7.91, -13.12
5350295465653406592, -72.13,  -1.01,  -4.56,   6.65,  -4.56,   7.03,  -4.57
5350503754389087616, -72.72,   0.17,  -4.57,   6.70,  -4.57,   7.08,  36.40
5350343775447416704, -72.41,  -0.41,  -1.58,   7.63,  -1.58,   8.00,  -2.15
5350951118196186880, -72.92,   1.09,  -2.62,   7.32,  -2.62,   7.70, -16.33
5242168701929139712, -71.30,  -1.32,  -3.30,   7.01,  -3.30,   7.38,  -7.56
5338306253458630784, -71.67,  -0.59,  -2.08,   7.44,  -2.08,   7.81,  -3.72
5242100738359135744, -70.78,  -1.39,  -2.29,   7.33,  -2.29,   7.70, -16.83
5241766074516592512, -70.36,  -2.24,  -1.27,   7.67,  -1.27,   8.05, -24.69
5337954993844276992, -69.97,  -0.96,  -2.38,   7.26,  -2.38,   7.63, -16.74
5338040205991255296, -69.86,  -0.76,  -2.08,   7.36,  -2.08,   7.74, -42.28
5240904332264599936, -68.88,  -2.57,  -2.15,   7.29,  -2.15,   7.67,  -4.81
5241011053602340608, -69.03,  -2.19,  -2.74,   7.07,  -2.74,   7.45, -22.63
5337076724551636224, -68.70,  -1.62,  -3.71,   6.68,  -3.71,   7.06, -12.87
5337202412479331456, -68.73,  -0.99,  -6.13,   5.74,  -6.13,   6.11,  20.84
5337671933973824512, -69.02,   0.18,  -1.92,   7.39,  -1.92,   7.76, -20.56
5337759383861931904, -68.99,   0.49,  -2.20,   7.28,  -2.20,   7.65, -13.89
5337415614659866368, -68.28,  -0.29,  -3.65,   6.67,  -3.65,   7.05,  -1.30
5339112573443832064, -68.76,   1.12,  -3.21,   6.88,  -3.21,   7.25, -11.66
5237103526720596608, -66.44,  -4.06,  -4.19,   6.30,  -4.19,   6.67,  -7.95
5337474575987005184, -67.74,   0.01,  -2.18,   7.23,  -2.18,   7.61, -10.77
5334369898723294208, -67.42,  -0.29,  -3.47,   6.68,  -3.47,   7.06,  -8.94
5334446516614032128, -67.01,  -0.14,  -1.96,   7.29,  -1.96,   7.67, -23.30
5334209301310842112, -65.95,  -0.02,  -2.04,   7.22,  -2.04,   7.59, -24.01
5335719240037806336, -65.94,   0.25,  -1.70,   7.37,  -1.70,   7.74, -24.26
5334208648475837824, -65.84,  -0.02,  -1.81,   7.31,  -1.81,   7.69, -22.11
5335698276242624640, -65.92,   0.40,  -1.87,   7.29,  -1.87,   7.67, -23.91
5333957066454493440, -65.21,  -1.51,  -3.53,   6.49,  -3.53,   6.87, -22.12
5335811736452738688, -65.91,   0.96,  -1.89,   7.28,  -1.89,   7.65, -21.37
5335783939422043776, -65.53,   0.73,  -1.74,   7.33,  -1.74,   7.71, -20.13
5333198334729272064, -64.76,  -1.59,  -2.03,   7.17,  -2.03,   7.55,  -3.36
5335038195660726016, -65.36,   0.79,  -1.39,   7.49,  -1.39,   7.86,  -5.26
5335451470244731392, -65.47,   1.32,  -1.95,   7.24,  -1.95,   7.61, -18.86
5333140576014663424, -64.35,  -1.62,  -3.57,   6.41,  -3.57,   6.79, -20.64
5335407494121841792, -64.65,   1.53,  -1.68,   7.33,  -1.68,   7.71, -23.34
5333102436718446080, -63.87,  -0.84,  -3.30,   6.51,  -3.30,   6.88, -33.50
5334608728942890240, -63.93,  -0.58,  -1.91,   7.19,  -1.91,   7.57, -18.26
5335171374005762560, -64.21,   0.88,  -2.84,   6.75,  -2.84,   7.13, -15.66
5334557983957740416, -62.92,  -0.55,  -1.83,   7.19,  -1.83,   7.56, -13.26
6057690460650874112, -62.25,   0.69,  -1.86,   7.15,  -1.86,   7.52, -16.67
6058513719987379840, -62.21,   1.19,  -1.76,   7.20,  -1.76,   7.57, -41.60
6054081691687449728, -61.69,  -1.33,  -2.33,   6.87,  -2.33,   7.24, -16.37
6058620029008358912, -61.71,   1.72,  -3.65,   6.16,  -3.65,   6.54, -31.20
6054426113711871616, -61.17,  -0.30,  -1.90,   7.08,  -1.90,   7.45, -23.86
6054148521399400960, -60.80,  -0.99,  -2.27,   6.86,  -2.27,   7.23,  -8.13
6054227166492660864, -60.71,  -0.31,  -2.68,   6.62,  -2.68,   7.00, -38.14
6054240742945263872, -60.72,  -0.18,  -3.48,   6.17,  -3.48,   6.55, -28.84
6054855747879715840, -59.85,   0.81,  -2.91,   6.44,  -2.91,   6.81, -33.70
6055035243163928960, -59.47,   1.66,  -1.76,   7.09,  -1.76,   7.46, -25.27
6055427493901807104, -57.91,   0.92,  -1.76,   7.02,  -1.76,   7.39, -33.46
6056407605465876352, -56.79,   2.52,  -1.78,   6.96,  -1.78,   7.33, -22.85
5863019556117407744, -56.71,  -0.10,  -2.12,   6.73,  -2.12,   7.11, -20.60
5856960216266329216, -56.73,  -6.04,  -1.77,   6.96,  -1.77,   7.34, -44.25
6055686944283937408, -56.11,   1.58,  -1.72,   6.97,  -1.72,   7.35, -24.97
6056061224930428416, -56.05,   2.83,  -1.51,   7.11,  -1.51,   7.48, -21.24
6057200937454263424, -55.92,   3.97,  -1.57,   7.06,  -1.57,   7.44, -32.60
5861901833862107264, -56.07,  -1.44,  -1.71,   6.98,  -1.71,   7.35, -17.98
5863150290603658112, -55.88,  -0.18,  -2.83,   6.21,  -2.83,   6.58, -44.60
5863465850440044544, -55.72,   0.97,  -1.96,   6.79,  -1.96,   7.16, -16.11
5862012914542705152, -55.49,  -1.70,  -0.89,   7.51,  -0.89,   7.89, -26.13
6055903822986460928, -55.07,   2.54,  -1.54,   7.05,  -1.54,   7.42, -17.15
6055848572522793216, -54.89,   2.32,  -2.02,   6.71,  -2.02,   7.08, -20.58
5869603019446867200, -54.32,   1.76,  -1.64,   6.95,  -1.64,   7.33, -26.90
5862198805096056576, -54.23,  -0.63,  -4.00,   5.25,  -4.00,   5.62, -40.29
5868490554189459968, -54.10,   0.28,  -4.20,   5.08,  -4.20,   5.46, -50.55
5869330546712828928, -53.98,   1.13,  -1.96,   6.70,  -1.96,   7.07, -23.92
5862467047203586048, -54.06,   0.03,  -1.95,   6.71,  -1.95,   7.08, -34.83
5859054133138548352, -54.22,  -1.85,  -1.58,   6.99,  -1.58,   7.36, -17.14
5868597894009411328, -53.48,   1.09,  -1.88,   6.73,  -1.88,   7.11, -16.01
5868402455838746880, -52.93,   0.39,  -1.68,   6.86,  -1.68,   7.23, -26.25
5865159240218116992, -52.94,  -0.69,  -3.12,   5.77,  -3.12,   6.14, -50.32
5865058875372887168, -52.31,  -0.61,  -3.18,   5.67,  -3.18,   6.05, -49.81
5865015375938786304, -51.91,  -0.97,  -2.61,   6.08,  -2.61,   6.45, -43.87
5865015788255695104, -51.87,  -0.95,  -3.31,   5.53,  -3.31,   5.90, -46.84
5864222112671678720, -51.87,  -1.50,  -2.47,   6.19,  -2.47,   6.56, -54.08
5865466141289541248, -51.65,  -0.37,  -2.26,   6.34,  -2.26,   6.71, -52.91
5864764481074111616, -50.68,  -0.56,  -2.19,   6.33,  -2.19,   6.70, -36.97
5864728433401156736, -50.02,  -0.64,  -2.46,   6.06,  -2.46,   6.44, -45.08
5866032458510404480, -49.62,  -0.75,  -2.09,   6.34,  -2.09,   6.72, -49.65
5871308465073102720, -48.32,   4.03,  -0.83,   7.38,  -0.83,   7.76, -30.71
5866067780323790464, -49.13,  -0.50,  -2.59,   5.88,  -2.59,   6.26, -47.66
5866190547649593088, -48.19,  -0.19,  -1.29,   6.97,  -1.29,   7.34, -20.96
5852708748444278784, -47.23,  -3.17,  -3.99,   4.43,  -3.99,   4.81, -86.17
5854344237586748160, -46.24,  -0.99,  -2.45,   5.78,  -2.45,   6.16, -62.30
5878430208029587072, -45.19,  -0.58,  -1.52,   6.61,  -1.52,   6.99, -26.37
5878377362726334720, -45.18,  -0.79,  -1.51,   6.62,  -1.51,   7.00, -11.43
5878466801139389440, -44.55,  -0.76,  -2.27,   5.82,  -2.27,   6.19, -29.31
5877594368698790016, -44.77,  -1.33,  -2.28,   5.82,  -2.28,   6.20, -46.87
5877468135417118080, -43.96,  -1.57,  -0.78,   7.31,  -0.78,   7.69, -17.24
5876489879290620416, -41.16,  -1.18,  -1.47,   6.45,  -1.47,   6.82, -37.36
5876486889993366528, -41.11,  -1.24,  -2.05,   5.77,  -2.05,   6.15, -43.96
5876361541289319168, -41.55,  -2.06,  -1.78,   6.12,  -1.78,   6.49, -35.08
5875338617515374464, -41.13,  -3.34,  -0.65,   7.38,  -0.65,   7.75, -27.62
5876318419815950592, -40.36,  -2.18,  -1.78,   6.03,  -1.78,   6.40, -44.90
5876838355722876288, -38.50,  -1.52,  -2.27,   5.27,  -2.27,   5.64, -40.56
5876016917501607040, -38.75,  -2.35,  -3.07,   4.30,  -3.07,   4.67, -49.67
5876069625346628736, -38.34,  -1.92,  -1.91,   5.72,  -1.91,   6.09, -39.63
5876066051934003456, -38.28,  -2.00,  -2.02,   5.57,  -2.02,   5.94, -42.24
5882057325134919296, -38.05,  -2.09,  -2.63,   4.77,  -2.63,   5.14, -41.90
5882127212808967040, -37.21,  -2.28,  -2.21,   5.21,  -2.21,   5.59, -41.68
5882763211547592448, -35.74,  -0.92,  -1.65,   5.83,  -1.65,   6.21, -41.87
5881949229387629312, -36.83,  -2.64,  -0.76,   7.11,  -0.76,   7.49, -27.13
5884215288492518784, -33.38,  -1.04,  -1.35,   6.07,  -1.35,   6.45, -24.33
5884691789303547520, -32.15,  -1.16,  -0.90,   6.70,  -0.90,   7.07, -24.36
5981435961993268864, -30.25,   0.67,  -1.37,   5.78,  -1.37,   6.15, -32.37
5932743161900094720, -31.63,  -1.01,  -0.94,   6.61,  -0.94,   6.98, -23.29
5980819823168836864, -31.21,  -0.63,  -0.87,   6.69,  -0.87,   7.07, -15.03
5932748487665645824, -31.46,  -1.01,  -1.34,   5.93,  -1.34,   6.31, -36.07
5836171681271105664, -32.52,  -3.00,  -0.57,   7.24,  -0.57,   7.61, -23.37
5933236189779815936, -30.02,  -0.87,  -0.69,   6.93,  -0.69,   7.30, -13.45
5933361534072375552, -29.15,  -0.89,  -1.46,   5.51,  -1.46,   5.89, -67.67
5932963991897373184, -29.87,  -1.82,  -0.39,   7.44,  -0.39,   7.82,  -7.66
5935470947110231808, -27.00,   0.28,  -1.57,   5.04,  -1.57,   5.42, -28.74
5934785023690785408, -27.72,  -0.91,  -1.46,   5.35,  -1.46,   5.73, -55.62
5935426245099637632, -25.98,   0.37,  -1.25,   5.56,  -1.25,   5.93, -27.66
5935412844784377984, -26.20,   0.12,  -1.09,   5.91,  -1.09,   6.28, -33.89
5941454936078912000, -25.35,   0.32,  -1.32,   5.34,  -1.32,   5.71, -31.34
5941598422344843136, -24.64,   0.73,  -0.78,   6.42,  -0.78,   6.79, -43.86
5934212453027293056, -26.02,  -2.69,  -0.75,   6.58,  -0.75,   6.95, -37.43
5941046226996698368, -23.28,  -0.62,  -1.06,   5.67,  -1.06,   6.04, -24.51
5964484241475889152, -18.00,  -1.11,  -0.69,   5.99,  -0.69,   6.36, -19.33
5963313055420825600, -18.65,  -1.98,  -0.31,   7.21,  -0.31,   7.58,   9.00
5966034621590911488, -14.31,  -0.65,  -0.39,   6.59,  -0.39,   6.96, -24.73
5965823893342402688, -14.51,  -1.07,  -0.49,   6.23,  -0.49,   6.61, -18.84
5979926504430920192,  -6.92,   4.27,  -0.21,   6.41,  -0.21,   6.78,  -1.55
5972225181320097280, -12.38,  -0.68,  -0.49,   5.91,  -0.49,   6.28, -17.72
5972566064267924864, -11.01,  -1.12,  -0.35,   6.34,  -0.35,   6.71, -11.96
5974376822448597248,  -9.89,  -0.53,  -0.27,   6.58,  -0.27,   6.96, -25.34
4053746921812716928,  -4.94,  -0.70,  -0.24,   5.31,  -0.24,   5.69,  -9.17
4041291890249721344,  -5.67,  -2.93,  -0.12,   6.90,  -0.12,   7.27,  -5.68
4057596449402863360,   0.76,   0.29,   0.03,   6.08,   0.03,   6.46,  -3.85
4067048744793572224,   2.43,   1.27,   0.08,   6.21,   0.08,   6.58,  -3.46
4056395233030966016,  -0.15,  -1.69,  -0.01,   5.39,  -0.01,   5.77,  17.23
4067645332883494144,   4.63,   0.77,   0.15,   6.23,   0.15,   6.60,  17.20
4069284017518384512,   5.61,   0.34,   0.12,   6.95,   0.12,   7.32,   4.20
4067589670078244992,   5.45,   0.21,   0.17,   6.38,   0.17,   6.75, -11.58
4069136201903321600,   6.29,   0.01,   0.22,   6.17,   0.22,   6.55,  -0.95
4037470061000962048,  -4.50,  -6.16,  -0.26,   4.78,  -0.26,   5.15, -36.28
4069543085614840960,   7.49,   0.38,   0.33,   5.63,   0.33,   6.00,  22.28
4066062001763019008,   6.33,  -1.55,   0.15,   6.73,   0.15,   7.10,  -4.16
4095138689825316480,  10.84,   0.53,   0.39,   6.11,   0.39,   6.49,  22.86
4095751049077811200,  11.60,   0.70,   0.40,   6.17,   0.40,   6.55,  28.57
4146058035419314944,  14.61,   2.02,   0.44,   6.44,   0.44,   6.82,  22.02
4094728606361232128,  11.59,  -0.72,   0.46,   5.90,   0.46,   6.27,  21.88
4152794914909611904,  18.47,   0.34,   0.70,   6.03,   0.70,   6.40,  35.65
4152461865976082176,  17.76,  -0.64,   0.75,   5.80,   0.75,   6.17,  22.41
4152993273702130432,  19.14,  -0.47,   0.61,   6.36,   0.61,   6.74,  30.24
4104490070684227840,  18.34,  -2.48,   0.56,   6.45,   0.56,   6.82,   9.43
4077480533158341248,   9.52,  -7.10,   0.09,   7.58,   0.09,   7.95,   8.58
4258707571495648000,  29.85,   0.42,   0.85,   6.64,   0.85,   7.01,   6.99
4266638069673095936,  34.04,  -1.15,   1.66,   5.66,   1.66,   6.04,  41.60
4281749864862122624,  38.63,   0.67,   0.89,   7.02,   0.89,   7.39,  30.21
4179341420567499776,  19.44, -17.01,   1.16,   4.85,   1.16,   5.22,  39.25
4321917051899730432,  53.12,  -2.71,   0.69,   7.61,   0.69,   7.98,  10.40
1827820678254631040,  59.52,  -1.42,   0.92,   7.59,   0.92,   7.96,  11.55
2020687421645374720,  61.61,  -0.72,   2.44,   6.81,   2.44,   7.18,  25.94
2033552326189963648,  67.63,   1.26,   3.11,   6.85,   3.11,   7.22,  10.11
2030845259840532608,  67.91,   0.29,   3.43,   6.73,   3.43,   7.11,  11.13
1834814392540128128,  64.04,  -3.38,   1.03,   7.62,   1.03,   8.00,   7.64
2055181605358559872,  70.58,   0.57,   6.05,   5.99,   6.05,   6.37,  13.32
1829812370549177216,  61.71,  -6.39,   3.10,   6.45,   3.10,   6.83,  23.66
2061357944435040256,  76.76,   1.68,   0.98,   7.89,   0.98,   8.27,   6.59
2057249756670027520,  74.23,  -0.61,   1.73,   7.64,   1.73,   8.01,   0.66
2057564148278709760,  75.32,   0.11,   2.50,   7.47,   2.50,   7.85,   5.57
2060971294293250944,  75.85,   0.41,   1.67,   7.70,   1.67,   8.08,  -7.95
2058131491974019968,  77.01,   0.18,   1.43,   7.79,   1.43,   8.17,  -4.30
2067323928874639872,  78.65,   0.68,   1.62,   7.80,   1.62,   8.18,  -3.72
2067736692412228736,  79.49,   0.66,   1.40,   7.86,   1.40,   8.24,  -3.79
2063624553284345728,  79.27,  -1.45,   2.29,   7.69,   2.29,   8.07,  -8.39
2163751614044043136,  87.03,   0.52,   2.29,   8.01,   2.29,   8.38,   5.78
2165179226821714176,  88.33,   0.07,   1.98,   8.07,   1.98,   8.44,  -9.38
2192289403968737280,  98.69,   7.97,   1.02,   8.28,   1.02,   8.66,  -4.65
2216985465919735680, 101.58,   8.57,   2.92,   8.72,   2.92,   9.10, -62.50
1971358279140128768,  90.83,  -4.31,   0.80,   8.14,   0.80,   8.51,   1.91
2173516514244634368,  97.35,   0.41,   3.42,   8.57,   3.42,   8.94, -46.81
2173145463437167232,  96.55,  -0.80,   0.82,   8.22,   0.82,   8.59,  -5.55
2173190405970791808,  97.36,  -0.65,   1.89,   8.37,   1.89,   8.74, -15.65
1981536973676439552,  98.57,  -0.75,   3.37,   8.63,   3.37,   9.01, -43.47
2199947949140348288, 103.61,   2.93,   3.17,   8.89,   3.17,   9.27, -39.75
2198338229757858432, 101.85,   0.07,   3.09,   8.77,   3.09,   9.15, -61.92
2005699497611750272, 101.30,  -0.89,   3.93,   8.91,   3.93,   9.29, -64.90
2198401039361704448, 102.19,   0.29,   3.04,   8.78,   3.04,   9.16, -38.30
2005714203579986688, 101.47,  -0.80,   3.46,   8.83,   3.46,   9.20, -40.27
2198645646339039360, 102.72,   0.78,   2.66,   8.73,   2.66,   9.10, -49.61
2006076252137439616, 101.79,  -0.90,   3.11,   8.77,   3.11,   9.15, -48.44
2198758449355549696, 103.41,   1.04,   3.19,   8.89,   3.19,   9.26, -52.75
2198544731785389952, 103.22,   0.59,   3.68,   8.99,   3.68,   9.36, -50.12
2006033027591006464, 102.90,  -0.83,   3.22,   8.86,   3.22,   9.24, -50.26
2007849180277358848, 103.83,   0.01,   2.84,   8.83,   2.84,   9.20, -66.33
2006044263226439168, 103.32,  -0.97,   3.42,   8.93,   3.42,   9.31, -64.68
2007789359971372416, 104.10,  -0.26,   3.83,   9.09,   3.83,   9.46, -64.10
2007570488441972224, 103.90,  -0.75,   4.98,   9.36,   4.98,   9.73, -56.24
2200459496919358592, 105.54,   1.51,   2.78,   8.90,   2.78,   9.27, -51.25
2200441762994058880, 105.52,   1.29,   3.18,   9.01,   3.18,   9.38, -53.29
2200469495603648128, 105.81,   1.43,   4.22,   9.32,   4.22,   9.69, -51.88
2007597289039287680, 104.58,  -0.75,   3.85,   9.13,   3.85,   9.50, -59.25
2007713046996744448, 104.80,  -0.46,   3.89,   9.15,   3.89,   9.53, -34.43
2200195820289135104, 105.93,   0.65,   3.86,   9.23,   3.86,   9.60, -52.82
2200572540457661440, 106.04,   0.70,   5.02,   9.57,   5.02,   9.94, -63.28
2200898511299054336, 107.12,   1.67,   3.68,   9.26,   3.68,   9.63, -53.24
2006631986545912576, 105.33,  -1.82,   2.25,   8.74,   2.25,   9.12, -12.90
2007015372507488768, 105.92,  -1.75,   3.14,   9.02,   3.14,   9.40, -50.45
2008562591517782016, 107.43,   0.80,   2.89,   9.03,   2.89,   9.41, -50.07
2003598056004201600, 105.82,  -3.55,   3.53,   9.13,   3.53,   9.50, -61.08
2008226965594506368, 107.68,  -0.33,   2.92,   9.06,   2.92,   9.43, -59.31
2008302831898259328, 107.89,   0.05,   3.64,   9.30,   3.64,   9.67, -57.35
2014593550230928896, 108.43,   0.89,   2.42,   8.93,   2.42,   9.31, -45.06
2007164253254258048, 107.21,  -1.64,   3.46,   9.20,   3.46,   9.57, -54.05
2207084191912346880, 109.18,   2.16,   2.63,   9.04,   2.63,   9.42, -58.71
2206826700034196480, 109.22,   1.60,   2.86,   9.12,   2.86,   9.50, -53.50
2014636534263938816, 109.09,   1.12,   2.62,   9.03,   2.62,   9.41, -59.46
2014636671703465600, 109.13,   1.13,   2.36,   8.94,   2.36,   9.32, -59.45
2014636431182968704, 109.14,   1.11,   2.72,   9.07,   2.72,   9.44, -56.07
2014635606551385728, 109.14,   1.09,   2.43,   8.97,   2.43,   9.34, -64.71
1985889115564260224, 104.59,  -9.00,   0.67,   8.30,   0.67,   8.67,  -4.08
2013402229386855296, 108.39,  -1.05,   3.47,   9.28,   3.47,   9.65, -58.16
2009845515433724032, 108.29,  -2.73,   4.46,   9.60,   4.46,   9.97, -84.05
2014698686730214400, 109.98,   0.98,   3.51,   9.40,   3.51,   9.78, -60.65
2208507303557446912, 111.60,   3.65,   3.96,   9.69,   3.96,  10.07, -44.62
2014823245082412032, 110.51,   0.57,   2.43,   9.03,   2.43,   9.41, -29.79
2014800361496904960, 110.43,   0.25,   2.56,   9.08,   2.56,   9.45, -58.92
2014856951986412672, 111.06,   0.73,   2.50,   9.09,   2.50,   9.46, -35.67
2013715315321174528, 110.82,  -0.94,   2.66,   9.14,   2.66,   9.51, -47.63
2014003971482395392, 111.16,  -0.11,   2.32,   9.02,   2.32,   9.40, -68.39
2014166080730822656, 111.44,   0.23,   2.33,   9.04,   2.33,   9.41, -64.76
2010713133182029312, 110.98,  -1.10,   2.10,   8.93,   2.10,   9.31, -47.18
2015232710086207104, 112.11,   1.50,   2.26,   9.04,   2.26,   9.42, -58.55
2014120210478612992, 111.66,   0.19,   3.01,   9.32,   3.01,   9.70, -56.74
2010510135844872320, 110.97,  -1.99,   2.49,   9.08,   2.49,   9.45, -67.71
2013845298214785152, 111.63,  -0.54,   2.38,   9.07,   2.38,   9.44, -58.57
2010457973461961344, 111.05,  -2.16,   3.16,   9.34,   3.16,   9.72, -45.69
2015270437079448448, 112.61,   1.73,   0.90,   8.50,   0.90,   8.87, -21.70
2010561709812955264, 111.79,  -1.63,   2.57,   9.15,   2.57,   9.53, -57.74
2010855863536530560, 112.27,  -0.71,   2.68,   9.22,   2.68,   9.60, -55.50
2015457560221745536, 112.78,   0.21,   2.33,   9.10,   2.33,   9.48, -38.22
2012348313131831296, 112.65,  -0.78,   1.52,   8.76,   1.52,   9.13, -19.47
2012303576751887488, 113.02,  -1.02,   2.99,   9.40,   2.99,   9.77, -57.02
2010886718578724992, 112.34,  -3.22,   2.92,   9.32,   2.92,   9.70, -47.17
2012302958276620160, 113.08,  -1.06,   2.76,   9.30,   2.76,   9.67, -62.39
2015706908839911424, 113.67,   0.71,   1.71,   8.88,   1.71,   9.25, -18.95
2015595652006734592, 113.78,   0.51,   2.60,   9.27,   2.60,   9.65, -42.58
2011021580551301248, 113.10,  -2.83,   2.39,   9.14,   2.39,   9.52, -57.38
2011299653913962624, 113.35,  -2.18,   3.95,   9.83,   3.95,  10.20, -60.06
2012161499230992896, 114.09,  -1.41,   2.54,   9.26,   2.54,   9.64, -54.72
2012859963999694848, 115.06,  -0.05,   2.34,   9.22,   2.34,   9.60, -46.04
2015959246757882368, 115.38,   0.45,   3.45,   9.76,   3.45,  10.13, -62.19
2015981546227762304, 115.52,   0.74,   2.16,   9.15,   2.16,   9.53, -52.74
2011736950305033728, 114.95,  -1.78,   2.68,   9.37,   2.68,   9.75, -68.01
2011841472630791296, 115.60,  -0.89,   2.67,   9.40,   2.67,   9.78, -57.25
2012779287335531008, 115.84,  -0.16,   2.64,   9.40,   2.64,   9.78, -46.98
2012987777923448832, 116.02,   0.21,   2.48,   9.33,   2.48,   9.71, -62.30
2011915724030139136, 115.90,  -1.07,   2.10,   9.14,   2.10,   9.52, -54.06
2016431968037829760, 116.74,   2.07,   2.28,   9.28,   2.28,   9.65, -51.12
2012799353424664448, 116.59,  -0.01,   2.91,   9.58,   2.91,   9.96, -49.33
5260177705937370880, -80.09,   0.26,  -5.82,   7.11,  -5.82,   7.48,  38.65
5260177671577667968, -80.09,   0.30,  -6.18,   7.04,  -6.18,   7.42,  38.38
5356397274150705920, -80.18,   2.09,  -1.89,   7.80,  -1.89,   8.17,   6.94
4070129060958537728,   5.91,   1.23,   0.22,   6.03,   0.22,   6.40,  -8.28
4097667291696788352,  14.37,   0.44,   0.58,   5.88,   0.58,   6.25,  40.42
4097229720428952448,  13.30,  -0.53,   0.44,   6.25,   0.44,   6.63,  32.68
4146162626429996544,  15.59,   0.16,   0.48,   6.41,   0.48,   6.78,   3.19
2030588798738484224,  67.90,  -0.37,   2.12,   7.26,   2.12,   7.64,  19.15
2055722535036376832,  72.15,   0.29,   3.37,   7.04,   3.37,   7.42, -10.68
2066121539892073856,  80.96,  -0.53,   1.18,   7.94,   1.18,   8.31,  -6.27
2013630378050340480, 109.58,  -0.19,   2.28,   8.94,   2.28,   9.31, -53.57
2012350409075867136, 112.76,  -0.75,   2.20,   9.05,   2.20,   9.43, -60.30
2162696838801402624,  86.59,  -0.77,   5.19,   7.82,   5.19,   8.19, -49.23
2162838224802765312,  87.64,  -0.65,   4.78,   7.93,   4.78,   8.30, -49.78
5255557489361493504, -75.95,  -1.12,  -3.29,   7.30,  -3.29,   7.68,  -0.30
4093888820012699776,   9.80,  -1.33,   0.25,   6.69,   0.25,   7.06,   7.84
5940602264810935296, -25.49,  -0.91,  -1.32,   5.36,  -1.32,   5.74, -32.35
3371386878815821824,-165.55,   4.52,  -0.83,  11.35,  -0.83,  11.72,  23.24
5865178545956998272, -53.53,  -0.79,  -3.30,   5.69,  -3.30,   6.06, -40.81
4066271286955813120,   7.03,  -2.30,   0.18,   6.67,   0.18,   7.05,  -1.24
3030313424084918528,-129.95,   2.79,  -3.75,  11.26,  -3.75,  11.64,  72.23
6054417592496091520, -61.38,  -0.32,  -3.61,   6.15,  -3.61,   6.53, -36.06
2057885446186660992,  75.47,  -0.22,   2.97,   7.36,   2.97,   7.73,   3.48
2034031438383765760,  68.39,   1.93,   3.19,   6.86,   3.19,   7.24,  18.83
5966134707191684608, -13.77,  -0.13,  -0.65,   5.49,  -0.65,   5.87, -18.32
5964587629936987264, -17.68,  -0.37,  -0.54,   6.44,  -0.54,   6.82, -15.07
4280063935601354752,  34.05,   4.59,   2.59,   4.30,   2.59,   4.67,  68.62
5967949038813123328, -17.51,   1.62,  -0.86,   5.39,  -0.86,   5.76, -31.51
2166846155161277568,  87.53,   1.43,   3.94,   7.95,   3.94,   8.33, -40.11
4350721267200216576,   7.44,  26.22,   0.39,   5.17,   0.39,   5.54, -65.50
5641052313347740928,-105.72,   7.20,  -3.78,   9.19,  -3.78,   9.56, 129.59
3428621063247110912,-176.38,  -1.87,  -0.24,  11.88,  -0.24,  12.25,  -0.58
188771685339363968, 167.66,   1.59,   0.82,  11.86,   0.82,  12.23, -26.23
190662845337400448, 169.54,   2.28,   0.51,  10.87,   0.51,  11.25,  -6.00
193759448038963328, 168.58,   2.22,   0.62,  11.21,   0.62,  11.58, -32.57
194269037318697600, 168.43,   4.50,   0.22,   9.21,   0.22,   9.59,  -1.00
201129062165161856, 165.83,   1.30,   1.27,  13.14,   1.27,  13.51,  -9.54
203352549552907520, 162.84,  -2.71,   0.93,  11.13,   0.93,  11.51, -17.21
204904441495559936, 160.36,  -0.40,   0.96,  10.82,   0.96,  11.19,  -7.63
275141072484340096, 149.83,   1.28,   2.65,  12.69,   2.65,  13.06, -56.35
276096479368051968, 149.32,   2.18,   1.84,  11.22,   1.84,  11.60, -47.35
276152485739380992, 148.66,   1.02,   2.03,  11.45,   2.03,  11.83, -24.11
400690731841384448, 128.80, -12.43,   3.28,  10.76,   3.28,  11.14, -17.57
486404397739726976, 141.84,   4.26,   1.86,  10.49,   1.86,  10.86, -47.62
511899632838645376, 130.44,   1.28,   4.82,  12.23,   4.82,  12.61, -64.02
521775545064975232, 128.43,   8.03,   0.75,   8.72,   0.75,   9.09,  -8.48
522844893145400448, 124.57,  -0.69,   2.91,  10.13,   2.91,  10.51, -77.65
526948133099893888, 121.46,   1.07,   2.73,   9.79,   2.73,  10.17, -51.14
548162282239526784, 131.11,  15.14,   1.10,   9.09,   1.10,   9.46, -11.44
956367725082232192, 173.98,  10.91,   0.22,  10.25,   0.22,  10.63, -15.77
1826010607256116608,  56.64,  -0.40,   2.93,   6.20,   2.93,   6.57,  35.90
1979832245300519936,  96.26,  -2.98,   5.55,   8.73,   5.55,   9.11, -73.96
2004607270247702272, 100.72,  -2.28,   3.53,   8.79,   3.53,   9.17, -53.10
2005017078845789824, 101.33,  -2.20,   3.36,   8.80,   3.36,   9.17, -60.68
2006764065381726976, 104.08,  -1.32,   3.38,   8.97,   3.38,   9.35, -56.59
2020315924162191616,  59.69,   0.36,   2.61,   6.60,   2.61,   6.97,  37.34
2020784591010935808,  60.35,   0.57,   3.08,   6.37,   3.08,   6.74,  26.35
2021002706645745408,  58.93,   1.37,   2.16,   6.82,   2.16,   7.20,  30.73
2028450454788666624,  64.91,  -0.12,   3.01,   6.71,   3.01,   7.09,  15.90
2029837351257129984,  68.24,  -1.04,   2.36,   7.18,   2.36,   7.56,  12.75
2030125182798919808,  66.41,   0.38,   4.41,   6.20,   4.41,   6.57, -19.06
2030581720632894976,  67.72,  -0.34,   2.32,   7.17,   2.32,   7.55,  21.58
2030656968463025408,  67.94,   0.19,   3.20,   6.83,   3.20,   7.20,  11.30
2030950297558774400,  68.57,   0.59,   3.07,   6.92,   3.07,   7.29,   9.61
2033997868915246208,  68.76,   1.40,   2.15,   7.29,   2.15,   7.66,   3.54
2035511754650844160,  70.20,   3.97,   3.17,   6.98,   3.17,   7.36,  13.08
2055232943111894528,  71.21,   0.00,   3.25,   7.02,   3.25,   7.39,   0.61
2055270120350142592,  70.94,   0.36,   3.44,   6.93,   3.44,   7.31,  13.36
2057594895938796288,  75.35,  -1.36,   1.89,   7.63,   1.89,   8.01,  11.08
2058934552105076480,  73.19,   1.09,   3.99,   6.92,   3.99,   7.29,  -5.79
2058965063554947584,  73.59,   1.03,   4.07,   6.93,   4.07,   7.30,   9.72
2059040964213548800,  72.96,   1.58,   3.23,   7.14,   3.23,   7.51,   4.73
2059183076091630208,  73.51,   1.62,   1.90,   7.56,   1.90,   7.94,  -0.75
2060119928731205248,  72.75,   3.38,   3.11,   7.16,   3.11,   7.53,   9.69
2063793465758575104,  76.88,  -1.15,   3.21,   7.38,   3.21,   7.75,   1.61
2067654710077245824,  79.00,   1.73,   1.95,   7.74,   1.95,   8.12,  -0.36
2067681579393100416,  79.29,   1.78,   2.11,   7.73,   2.11,   8.10,   0.00
2067754903072857600,  79.75,   0.49,   1.47,   7.86,   1.47,   8.23,  12.75
2067993909412977152,  81.20,   1.33,   1.44,   7.90,   1.44,   8.28,  -5.46
2069266933424570240,  81.19,   3.35,   4.20,   7.47,   4.20,   7.85,   7.66
2070035668146861952,  83.90,   1.19,   3.10,   7.79,   3.10,   8.17,  -8.10
2070149433243897728,  84.47,   1.10,   1.97,   7.93,   1.97,   8.31, -18.61
2070514952149215488,  84.94,   2.56,   2.49,   7.90,   2.49,   8.28, -18.33
2162543903598042752,  87.41,  -1.74,   3.48,   7.97,   3.48,   8.34, -45.40
2163021327848465024,  85.55,  -0.51,   4.83,   7.75,   4.83,   8.12, -46.76
2164329166896781312,  88.76,  -0.84,   5.90,   8.00,   5.90,   8.37, -47.54
2164383970682615168,  88.88,  -0.60,   4.65,   8.03,   4.65,   8.41, -46.81
2164394209884324352,  88.73,  -0.53,   3.97,   8.04,   3.97,   8.41, -47.23
2173299429418352384,  95.99,   0.07,   4.59,   8.61,   4.59,   8.98, -55.53
2173946423290768128,  98.61,   0.53,   2.39,   8.49,   2.39,   8.86, -41.52
2175047167557780608,  98.32,   2.41,   5.83,   8.98,   5.83,   9.35, -73.24
2177805674743032064,  97.00,   3.54,   5.75,   8.83,   5.75,   9.21, -72.64
2180483565364497920,  89.16,   5.07,   4.39,   8.06,   4.39,   8.44, -39.02
2187562775279451648,  93.90,  10.55,   6.39,   8.56,   6.39,   8.94, -49.73
2198755838015389568, 103.30,   0.99,   3.02,   8.84,   3.02,   9.21, -52.00
2201325224889112064, 106.19,   2.32,   4.91,   9.55,   4.91,   9.93, -66.44
2928056952915846656,-124.36,  -4.86,  -4.24,  11.02,  -4.24,  11.40,  49.63
2934305477495599744,-128.82,  -3.83,  -5.43,  12.49,  -5.43,  12.86,  68.35
2935021500083764992,-129.84,  -3.66,  -6.31,  13.39,  -6.31,  13.76,  85.39
3033208919236120064,-130.33,   1.97,  -3.21,  10.85,  -3.21,  11.22,  49.35
3044917103161649280,-134.06,  -2.01,  -4.17,  12.16,  -4.17,  12.54,  61.43
3105244557397191936,-143.74,  -3.26,  -2.81,  11.95,  -2.81,  12.33,  63.99
3114077415338645504,-148.12,   1.26,  -2.41,  12.00,  -2.41,  12.38,  44.00
3126002203057671680,-149.43,  -0.71,  -1.90,  11.35,  -1.90,  11.72,  34.64
3129211020363458944,-151.59,   1.52,  -2.34,  12.44,  -2.34,  12.82,  55.56
3136255870538928384,-145.19,  10.26,  -1.74,  10.63,  -1.74,  11.00,  15.20
3158186385873115648,-154.85,   4.12,  -2.00,  12.39,  -2.00,  12.77,  54.64
3332363287001131008,-162.05,   0.68,  -0.78,  10.55,  -0.78,  10.92,  10.56
3332620160406413824,-162.87,  -0.26,  -1.13,  11.78,  -1.13,  12.15,  24.60
3351572648491648768,-158.03,   5.05,  -1.47,  11.77,  -1.47,  12.14,  32.50
3398998192769707264,-171.10,  -2.30,  -0.39,  10.59,  -0.39,  10.97,   5.12
3425381489674522624,-172.76,   1.68,  -0.61,  12.89,  -0.61,  13.27,  10.18
3433040481515020928,-174.68,   5.57,  -0.38,  12.19,  -0.38,  12.57,   4.99
4041195893565178624,  -6.23,  -2.68,  -0.36,   4.80,  -0.36,   5.18,  -0.25
4041267190030015488,  -6.05,  -2.21,  -0.25,   5.77,  -0.25,   6.14, -10.31
4053273650797755264,  -6.05,  -1.79,  -0.31,   5.16,  -0.31,   5.53,  -4.67
4053342572054012288,  -6.03,  -1.29,  -0.33,   5.02,  -0.33,   5.40, -27.86
4053485646002783616,  -4.97,  -1.42,  -0.16,   6.25,  -0.16,   6.62,  -1.71
4053592332988988928,  -6.10,  -0.76,  -0.37,   4.64,  -0.37,   5.01,  -2.51
4053771248509567232,  -4.61,  -0.86,  -0.33,   3.98,  -0.33,   4.36,   1.11
4054226721151052544,  -3.43,  -1.50,  -0.09,   6.71,  -0.09,   7.08, -10.57
4054368450758318848,  -5.82,  -0.36,  -0.31,   5.09,  -0.31,   5.46,  -3.37
4054371238216109184,  -5.94,  -0.18,  -0.23,   5.94,  -0.23,   6.31,   0.15
4056874512638390400,  -0.53,  -0.58,  -0.02,   5.54,  -0.02,   5.92,  12.48
4057229968463153152,   0.22,  -1.10,   0.01,   4.75,   0.01,   5.12,  -0.23
4057250481228990592,   0.43,  -0.86,   0.02,   5.98,   0.02,   6.36,   4.88
4057472273307618048,   0.03,  -0.26,   0.00,   5.73,   0.00,   6.10, -10.56
4057586897396004864,   0.47,   0.40,   0.01,   6.82,   0.01,   7.20,  17.77
4058176029521597952,  -4.00,   2.25,  -0.12,   6.42,  -0.12,   6.79,  -3.53
4060136527466323328,  -0.82,   0.78,  -0.03,   5.89,  -0.03,   6.26,   4.04
4061098668905205120,   2.15,   1.67,   0.10,   5.34,   0.10,   5.72,   3.53
4063426609897645440,   1.88,  -1.33,   0.05,   6.72,   0.05,   7.10,  -5.79
4064222411409125120,   3.42,  -0.88,   0.14,   5.83,   0.14,   6.21,  14.85
4066541899903682304,   7.12,  -1.47,   0.59,   3.41,   0.59,   3.78,   9.43
4069014465347104256,   5.71,  -0.59,   0.36,   4.50,   0.36,   4.88,  10.80
4069036043263139968,   5.89,  -0.33,   0.16,   6.54,   0.16,   6.92,   5.39
4069440594822493312,   6.95,   0.09,   0.36,   5.21,   0.36,   5.58,  19.31
4069469800601665920,   7.21,  -0.04,   0.43,   4.75,   0.43,   5.12,  18.04
4069469869321176320,   7.19,  -0.01,   0.29,   5.83,   0.29,   6.21,  19.64
4091193470347964928,  11.42,  -3.38,   0.27,   6.78,   0.27,   7.15,  -0.43
4091804489585731840,  11.77,  -5.34,   0.35,   6.43,   0.35,   6.80,  16.93
4092765840733965952,  12.77,  -4.06,   0.38,   6.45,   0.38,   6.83,  15.92
4093976025026875648,  10.54,  -1.76,   0.41,   5.94,   0.41,   6.31,  24.18
4094059381725910912,   9.18,  -0.46,   0.44,   5.40,   0.44,   5.78,  25.59
4094354424486231296,  10.81,  -1.84,   0.49,   5.58,   0.49,   5.95,  19.55
4094834704911247232,  12.07,  -0.93,   0.39,   6.31,   0.39,   6.69,  12.89
4095542691644178432,  11.60,   0.04,   0.32,   6.58,   0.32,   6.95,  24.35
4096375945341555712,  12.79,  -1.33,   0.39,   6.41,   0.39,   6.78,  33.10
4096476039618375936,  13.91,  -1.87,   0.58,   5.77,   0.58,   6.15,  26.73
4097162925076717568,  13.31,  -0.92,   0.33,   6.75,   0.33,   7.12,  12.42
4097761020745877888,  15.46,  -1.66,   0.35,   6.87,   0.35,   7.25,   3.85
4098013740932876544,  14.98,  -0.30,   0.84,   4.97,   0.84,   5.35,  43.51
4103567683453431296,  18.82,  -4.28,   0.60,   6.35,   0.60,   6.73,   8.18
4103850945142328064,  19.24,  -3.51,   0.45,   6.85,   0.45,   7.22,  -1.27
4145798585025540480,  14.48,   1.45,   0.76,   5.16,   0.76,   5.54,  16.07
4146047109017963776,  15.15,   1.70,   0.99,   4.48,   0.99,   4.86,  16.58
4146143659852874240,  15.52,   0.34,   0.89,   4.90,   0.89,   5.28,  37.43
4153600238500606720,  18.40,   1.27,   0.59,   6.36,   0.59,   6.73,  35.34
4155257855390167552,  22.56,  -1.71,   0.67,   6.51,   0.67,   6.89,   4.25
4156747899738016000,  24.22,   0.17,   0.86,   6.20,   0.86,   6.58,  41.33
4253497462612130816,  26.71,  -0.27,   2.44,   3.28,   2.44,   3.66,  74.65
4253636177277985792,  27.65,  -0.79,   1.61,   5.05,   1.61,   5.43,  52.66
4256525350178701696,  26.88,   0.16,   1.36,   5.45,   1.36,   5.83,  52.56
4256639355778113792,  27.59,  -0.18,   1.34,   5.57,   1.34,   5.94,  67.69
4256643169709970560,  27.68,  -0.61,   1.96,   4.39,   1.96,   4.76,  45.24
4256924885213327232,  27.93,   0.24,   0.67,   6.86,   0.67,   7.23,  52.81
4258399085449439104,  29.38,  -0.38,   1.17,   6.05,   1.17,   6.42,  49.28
4258479044883946624,  28.83,  -0.11,   0.90,   6.48,   0.90,   6.86,  35.06
4258497633502713984,  28.88,   0.16,   0.99,   6.34,   0.99,   6.71,  45.99
4259732488137499776,  29.76,   1.84,   1.21,   6.01,   1.21,   6.38,  43.96
4259908543114712320,  30.81,   0.45,   1.09,   6.30,   1.09,   6.67,  39.82
4265179812407068544,  32.97,  -1.91,   1.69,   5.52,   1.69,   5.90,  53.23
4266115634195891968,  32.17,   0.05,   1.56,   5.65,   1.56,   6.02,  24.57
4266264716755603840,  32.85,  -0.00,   1.58,   5.68,   1.58,   6.05,  62.25
4266265236511559168,  32.89,  -0.02,   1.39,   5.98,   1.39,   6.35,  35.74
4266622440300416512,  33.73,  -0.79,   1.42,   6.00,   1.42,   6.38,  69.22
4267576472807504000,  35.92,  -2.30,   0.66,   7.22,   0.66,   7.59,  17.19
4268439172803319936,  36.42,  -2.24,   1.39,   6.24,   1.39,   6.62,  52.73
4281595246038337792,  37.88,   0.58,   1.11,   6.70,   1.11,   7.07,  42.32
4291204840262233344,  42.22,  -6.92,   0.72,   7.33,   0.72,   7.71,  13.25
4305547350950835328,  39.62,  -1.13,   1.78,   5.97,   1.78,   6.35,  46.39
4306130641889859584,  41.44,  -1.56,   2.47,   5.33,   2.47,   5.71,  62.28
4310268241564751616,  40.69,   2.98,   1.62,   6.25,   1.62,   6.62,  32.44
4312263301105951488,  44.10,   0.90,   2.82,   5.21,   2.82,   5.59,  61.23
4316533533705137152,  49.03,  -1.78,   3.41,   5.16,   3.41,   5.54,  33.54
4319386315388709120,  48.24,  -0.02,   1.83,   6.49,   1.83,   6.87,  42.05
4322963271531867008,  52.51,  -0.10,   1.75,   6.78,   1.75,   7.16,  38.09
5227309970467909632, -62.10, -10.34,  -8.68,   3.53,  -8.68,   3.91, 103.93
5242097268025630208, -70.68,  -1.39,  -4.18,   6.66,  -4.18,   7.03, -22.02
5250642294409031296, -76.91,  -7.95,  -5.23,   6.91,  -5.23,   7.28, 101.62
5254931145700522368, -75.15,  -3.45,  -5.15,   6.76,  -5.15,   7.13,   5.80
5254996944601684864, -75.67,  -2.63,  -3.01,   7.36,  -3.01,   7.73,  -5.22
5255544570099433088, -75.80,  -1.33,  -6.47,   6.49,  -6.47,   6.86,   8.59
5258452434745882752, -77.47,  -2.13,  -4.30,   7.17,  -4.30,   7.54, -12.81
5258582967392362112, -76.50,  -1.08,  -3.20,   7.36,  -3.20,   7.73,  -4.60
5258630212036227712, -76.58,  -1.07,  -4.69,   7.01,  -4.69,   7.38,  -1.87
5297238051000234496, -79.40, -10.36,  -6.42,   6.92,  -6.42,   7.30,  16.37
5308364833806849536, -81.53,  -0.60,  -5.19,   7.35,  -5.19,   7.73,  16.18
5308879233457127296, -82.80,  -0.85,  -6.50,   7.30,  -6.50,   7.68,  59.82
5313273255561553152, -86.12,  -0.82,  -1.48,   8.02,  -1.48,   8.40, -12.44
5327625352633548288, -91.46,   1.41,  -2.47,   8.19,  -2.47,   8.56,   9.13
5328856084103109504, -92.96,  -1.49,  -4.89,   8.38,  -4.89,   8.75,  36.50
5329902582960732672, -94.51,  -1.51,  -2.11,   8.29,  -2.11,   8.67,  12.68
5333085909682624768, -63.65,  -0.94,  -5.14,   5.58,  -5.14,   5.96,  36.85
5333332131560984704, -64.82,  -0.86,  -3.09,   6.67,  -3.09,   7.05, -14.07
5337244090844988160, -68.90,  -0.64,  -5.80,   5.89,  -5.80,   6.26,  19.09
5337989216147322368, -70.39,  -1.19,  -5.78,   6.07,  -5.78,   6.44,   3.76
5338021342505781632, -70.55,  -0.92,  -3.95,   6.73,  -3.95,   7.10, -12.04
5339805781133507072, -68.97,   3.35,  -5.68,   5.94,  -5.68,   6.32,   7.32
5350423490035952896, -72.17,  -0.23,  -3.48,   7.01,  -3.48,   7.38,   1.55
5350632122367075584, -73.55,  -0.56,  -3.33,   7.14,  -3.33,   7.52,  -6.36
5350638307120064640, -73.57,  -0.50,  -2.13,   7.50,  -2.13,   7.87, -23.01
5350654146959597824, -73.96,  -0.47,  -3.72,   7.06,  -3.72,   7.43, -12.94
5350812957675754112, -73.71,   0.66,  -2.54,   7.38,  -2.54,   7.76,  -7.64
5351089691023697280, -72.95,   1.93,  -7.25,   5.90,  -7.25,   6.28,  13.37
5351148411804105856, -73.57,   1.00,  -6.51,   6.21,  -6.51,   6.58,  -7.08
5351562309198714368, -74.51,   0.29,  -2.81,   7.35,  -2.81,   7.72, -18.60
5354262744120748416, -75.14,   4.77,  -2.58,   7.44,  -2.58,   7.82,  -4.09
5355107405250191360, -77.52,   0.70,  -2.25,   7.63,  -2.25,   8.00, -11.98
5355515328393842304, -77.18,   2.58,  -3.21,   7.39,  -3.21,   7.77,   3.74
5405262560180880640, -82.76,   2.86,  -3.36,   7.70,  -3.36,   8.07,   8.68
5504899341798385280, -98.87, -20.15,  -8.26,   9.41,  -8.26,   9.79, 195.62
5521636726289286144, -95.11,  -3.31,  -2.95,   8.39,  -2.95,   8.76,  24.35
5522947344140081536, -97.84,  -3.68,  -2.09,   8.41,  -2.09,   8.79,   9.91
5524808881739948928, -97.35,  -0.60,  -1.78,   8.35,  -1.78,   8.73,  -9.55
5527367651456277632,-100.85,  -3.25,  -5.96,   9.27,  -5.96,   9.64,  51.13
5534229192433221888,-103.15,  -6.27,  -7.07,   9.78,  -7.07,  10.15,  91.55
5542208863718716160,-104.63,   1.05,  -6.17,   9.74,  -6.17,  10.11,  58.54
5543393724934095104,-105.62,   1.56,  -5.99,   9.80,  -5.99,  10.17,  77.52
5543871875055019904,-106.91,   2.58,  -4.41,   9.47,  -4.41,   9.84,  72.25
5587328285430238720,-108.67,  -5.41,  -7.15,  10.54,  -7.15,  10.91,  94.52
5595049846354172800,-112.41,  -3.70,  -2.96,   9.35,  -2.96,   9.72,  37.58
5597265018692339456,-113.84,  -0.55,  -3.23,   9.55,  -3.23,   9.93,  47.97
5599867524046406656,-115.84,  -2.02,  -6.03,  11.05,  -6.03,  11.42, 100.76
5600424568435410176,-114.56,  -0.15,  -2.92,   9.46,  -2.92,   9.84,  55.07
5600697693994005120,-115.30,  -0.02,  -4.82,  10.40,  -4.82,  10.78,  75.28
5600781669196873600,-115.91,  -0.23,  -3.78,   9.96,  -3.78,  10.34,  53.24
5615458534516990080,-120.17,  -0.71,  -1.89,   9.22,  -1.89,   9.60,  29.15
5711739915900045184,-120.52,   1.53,  -2.69,   9.71,  -2.69,  10.08,  53.83
5715894008269552256,-123.45,   3.66,  -2.76,   9.95,  -2.76,  10.32,  75.66
5833425410419444736, -37.33,  -4.56,  -3.45,   3.60,  -3.45,   3.98, -46.41
5848344340071286144, -47.69,  -6.29,  -1.96,   6.34,  -1.96,   6.72, -57.35
5854358084562346496, -46.16,  -0.85,  -2.71,   5.52,  -2.71,   5.90, -41.22
5854593380035364224, -46.13,  -0.35,  -2.06,   6.15,  -2.06,   6.52, -57.04
5860955601038152320, -59.81,  -3.04,  -4.46,   5.53,  -4.46,   5.90,  -9.40
5861283908366210560, -59.53,  -1.72,  -4.29,   5.60,  -4.29,   5.98, -32.94
5861680454098868352, -56.53,  -1.80,  -3.58,   5.76,  -3.58,   6.14, -49.99
5861881870851902336, -56.78,  -1.64,  -3.96,   5.53,  -3.96,   5.90, -35.76
5862196777871364864, -54.31,  -0.68,  -3.92,   5.31,  -3.92,   5.69, -47.62
5863183245917901696, -55.56,   0.16,  -2.77,   6.23,  -2.77,   6.60, -40.87
5864475515708195328, -50.25,  -1.36,  -3.39,   5.31,  -3.39,   5.68, -29.44
5864738951787181184, -49.95,  -0.53,  -3.43,   5.25,  -3.43,   5.62, -48.54
5865305956215451776, -52.76,  -0.42,  -2.72,   6.06,  -2.72,   6.43, -27.21
5865517646532509568, -50.70,  -0.41,  -2.79,   5.84,  -2.79,   6.22, -31.88
5865812521817886208, -50.67,   0.65,  -2.03,   6.46,  -2.03,   6.83, -48.76
5865836092600060160, -50.26,   0.75,  -2.28,   6.23,  -2.28,   6.61, -44.28
5866007307179926656, -48.70,  -0.76,  -2.61,   5.83,  -2.61,   6.21, -36.61
5866039296098829440, -49.18,  -0.66,  -2.77,   5.73,  -2.77,   6.10, -38.74
5866116021393055744, -48.11,  -0.69,  -1.81,   6.50,  -1.81,   6.88, -33.63
5866124714401925120, -47.90,  -0.59,  -2.38,   5.98,  -2.38,   6.35, -46.48
5866509955773366656, -47.49,  -0.26,  -2.54,   5.79,  -2.54,   6.17, -30.57
5866520676012501248, -47.69,  -0.23,  -2.57,   5.78,  -2.57,   6.16, -53.84
5868200592366262144, -53.64,  -0.48,  -3.66,   5.43,  -3.66,   5.80, -50.89
5868246290822187392, -53.23,  -0.06,  -2.36,   6.36,  -2.36,   6.74, -31.17
5874942660287999104, -42.00,  -1.54,  -2.16,   5.73,  -2.16,   6.10, -49.75
5877616019716579840, -44.81,  -1.05,  -3.18,   4.92,  -3.18,   5.30, -40.48
5877681371912839424, -43.94,  -1.19,  -2.40,   5.64,  -2.40,   6.01, -44.31
5877875607518745088, -42.88,  -1.41,  -2.61,   5.32,  -2.61,   5.69, -38.43
5878007102205861120, -42.34,  -1.11,  -2.81,   5.04,  -2.81,   5.41, -42.14
5878338879837883136, -45.27,  -1.02,  -2.52,   5.63,  -2.52,   6.00, -39.30
5879034458367098880, -42.79,   0.23,  -1.31,   6.71,  -1.31,   7.09, -56.77
5879867304058830464, -41.41,   0.66,  -1.87,   6.00,  -1.87,   6.38, -29.68
5890755802084623744, -45.08,   0.92,  -1.74,   6.39,  -1.74,   6.76, -36.44
5933396409209368832, -28.78,  -0.74,  -2.14,   4.23,  -2.14,   4.61, -53.86
5935203353473962880, -27.11,  -0.71,  -1.59,   5.02,  -1.59,   5.40, -56.82
5937064551844563968, -24.51,  -4.15,  -1.50,   4.84,  -1.50,   5.21, -74.41
5940806980134395392, -24.25,   0.08,  -1.10,   5.68,  -1.10,   6.06, -26.06
5942188997536594688, -22.91,   1.59,  -1.66,   4.19,  -1.66,   4.56,-103.61
5943316168746765184, -19.88,   0.66,  -1.47,   4.06,  -1.47,   4.44,   6.72
5944592839193672064, -20.29,   3.90,  -0.90,   5.70,  -0.90,   6.07, -32.88
5962100569010499712,  -9.07,  -2.78,  -0.21,   6.84,  -0.21,   7.21,  -0.99
5962732994401343360,  -7.14,  -2.50,  -0.32,   5.60,  -0.32,   5.97,   1.80
5964268702827222656, -19.54,   0.00,  -0.54,   6.60,  -0.54,   6.97, -32.21
5964431117003791488, -18.28,   0.13,  -1.01,   5.05,  -1.01,   5.43, -37.21
5965880827388192768, -15.48,  -1.01,  -0.94,   4.72,  -0.94,   5.09, -35.24
5966004453739464192, -14.71,  -0.93,  -0.69,   5.48,  -0.69,   5.85, -26.27
5966022458242541312, -14.59,  -0.71,  -0.77,   5.17,  -0.77,   5.55,   0.87
5966089665896907648, -14.12,  -0.41,  -0.86,   4.72,  -0.86,   5.10, -22.06
5966725595910464768, -15.30,   0.12,  -0.64,   5.78,  -0.64,   6.15, -32.32
5966849909449608832, -14.30,  -0.10,  -0.54,   6.01,  -0.54,   6.38, -31.50
5967379599197574784, -19.25,   0.95,  -1.13,   4.89,  -1.13,   5.26, -39.79
5967828268645475712, -18.25,   2.84,  -0.32,   7.17,  -0.32,   7.54,   0.38
5968422138052075392, -19.37,   2.77,  -0.60,   6.43,  -0.60,   6.80, -35.33
5970669441094966528, -16.03,   3.63,  -0.37,   6.84,  -0.37,   7.21,  -8.24
5972127118624062208, -13.53,  -0.44,  -0.66,   5.37,  -0.66,   5.74, -30.17
5972209440217581952, -12.51,  -0.80,  -0.54,   5.69,  -0.54,   6.07, -28.74
5972280912826925056, -12.33,  -0.30,  -0.56,   5.55,  -0.56,   5.92, -17.16
5972476896414276480, -11.29,  -1.83,  -0.59,   5.15,  -0.59,   5.52,  -3.61
5972719961547432320, -11.36,  -0.11,  -0.50,   5.66,  -0.50,   6.03, -14.05
5972939760763462912, -12.97,   0.11,  -0.62,   5.44,  -0.62,   5.82,  -4.17
5974423616111389952,  -8.99,  -0.58,  -0.46,   5.22,  -0.46,   5.60, -17.42
5974658915935001728,  -8.24,  -1.52,  -0.31,   6.00,  -0.31,   6.37,  -7.03
5975217257348541440,  -8.89,   0.25,  -0.33,   6.00,  -0.33,   6.38, -10.62
6040432182517332736, -14.35,  17.67,  -0.65,   5.59,  -0.65,   5.96,-101.98
6054621689344139008, -60.57,   0.02,  -3.22,   6.31,  -3.22,   6.68, -49.06
6416233334051468160, -37.67, -29.30,  -4.47,   2.34,  -4.47,   2.71,  65.70
6662929658466129920,  -8.80, -21.70,  -0.30,   6.16,  -0.30,   6.54,  25.27
6707397001081815680, -14.68, -12.40,  -0.56,   5.97,  -0.56,   6.35, -98.39
